﻿<?xml version="1.0" encoding="utf-8" ?>
<banks xmlns="urn:beatnikx-banks">
  <bank src="minibae-wtv.hsb" name="WebTV Classic (bootrom 105)" sha1="1bcf0aff4ef3bcab16ed7c1437b38734a5c7f1f2" />
  <bank src="patches-wtv2.hsb" name="WebTV Plus (v2.1.0, build-3454)" sha1="1780c86aeb5a3e3d85ee02d8f20200a8e3629f4b" />
  <bank src="patches-wtv.hsb" name="WebTV Plus (wtv-music)" sha1="7fa3168dae8ee9037a3935bb7cd93f26b6ce996e" />
  <bank src="patches-wtv-uncompressed.hsb" name="WebTV Plus (wtv-music, uncomp)" sha1="276bf7f476c17d5c32620e114e9f0ad5758dd80e" />
  
  <bank src="soundbank-min.gm" name="Beatnik Standard (v2.4.3, from Java)" sha1="003232ab5a418f34007c525d66e8220993fe62f8" default="true" />
  <bank src="patches-editor.hsb" name="Beatnik Standard (v2.4.6, from editor)" sha1="c981e81b19959c981f2f46477abcbfc0df1af5a1" />
  <bank src="patchesp.hsb" name="Beatnik Pro (v3.0.0, uncomp)" sha1="ae4d88373aeca8ee2ff5ced8d6b76bbfeb91c8cc" />
  <bank src="patches111-uncompressed.hsb" name="Beatnik Standard (v1.1.1, uncomp)" sha1="b4521cd38c123c272757c58fe058944a4e29c90c" />

  <bank src="soundbank-mid.gm" name="Java v1.5 Mid Soundbank" sha1="3e1b1f2374d3f47a5e4b4a1399a735396925700f" />
  <bank src="soundbank-deluxe.gm" name="Java v1.5 Deluxe Soundbank" sha1="e8109db5ea8133a6e1d429a8bef4a1a8cb1396e7" />
  <bank src="minibae-hruskanokia-rev1.hsb" name="HruskaNokia (Rev 1, unfinished)" sha1="2a9b4813ff7df35db57da56233f4cbd6ca9a648d" />
  <bank src="minibae-hruskanokia-rev5.hsb" name="HruskaNokia (Rev 5)" sha1="b650b8ce69e470ed771b5a5df7aa3a529193d073" />
  <bank src="NokiaRev BS4.hsb" name="SalterNokia (Rev 4)" sha1="60CE5E78C62DAC0CCBF68C1C768E5C0D5D1C1FAA" />
  <bank src="minibae-salternokia-rev8a.hsb" name="SalterNokia (Rev 8a)" sha1="df1225ef07b615638513f88801aedf8a6a8767b3" />
  <bank src="sony-ericsson-p800.hsb" name="Sony Ericsson P800" sha1="C87EF17F4ED38FD994C7C38AA82FF94121CFA5F2" />
  <bank src="sony-ericsson-p900.hsb" name="Sony Ericsson P900" sha1="A3F90A5A94B85AA686FF54BDFE899F7AA977ADA9" />
  <bank src="minibae-nokia-3510.hsb" name="Nokia 3510 (Chippy)" sha1="E0CA456952793B8D5EE16C598A0E48712A912BBA" />
  <bank src="minibae-nokia-7650.hsb" name="Nokia 7650 (Large)" sha1="82F15AB9938069E07DB9181934970A1D6BE37C01" />
  <bank src="minibae-nokia-5140i.hsb" name="Nokia 5140i (Idefix)" sha1="9D887700B5489462F7F38F8EA094BCBA0C850234" />
  <bank src="minibae-nokia-ngage.hsb" name="Nokia N-Gage (Mango)" sha1="6B89950CD76E0542AB2575C69AB3448D0F0C17B5" />
  <bank src="danger-hiptop.hsb" name="Danger Hiptop 1.1" sha1="8BB26FC66AECF14E2DFA48D2123E2576863FA2AB" />
</banks>